{
	"guild" : 937681664421802054,
	"discord_invites": {
		"channels": [
      {
        "from": 937691805284184064,
        "to": 937681664421802061
      }
		]
	},
	"twitter_links": {
		"channels": [
      {
        "from": 937691805284184064,
        "to": 938502244100349983
      },
      {
        "from": 937716796843237407,
        "to": 938502244100349983
      }
		]
	},
	"user_messages": {
		"channels": [
      {
        "from": 937691805284184064,
        "to": 937688775113457704
      },
      {
        "from": 937716796843237407,
        "to": 937688775113457704
      }
		],
		"filters":[
			"NFT",
			"DROp",
			"giVEAWay"
		]
	},
	"all_links": {
		"channels": [
      {
        "from": 937691805284184064,
        "to": 937681664421802063
      },
      {
        "from": 937716796843237407,
        "to": 937681664421802063
      }
		]
	},
	"embeded_messages": {
		"channels": [
      {
        "from": 937716796843237407,
        "to": 939242572763791450
      }
		]
	},
	"all_messages": {
    "channels": [
      {
        "from": 937691805284184064,
        "to": 939242978478800896
      },
      {
        "from": 937716796843237407,
        "to": 939817520838365214
      },
      {
        "from": 939817786652372992,
        "to": 939817555940474880
      }
    ]
	}
}
